-- phpMyAdmin SQL Dump
-- version 5.2.1deb1
-- https://www.phpmyadmin.net/
--
-- Hôte : 192.168.1.205:3306
-- Généré le : lun. 03 mars 2025 à 12:34
-- Version du serveur : 10.11.6-MariaDB-0+deb12u1
-- Version de PHP : 8.2.26

SET SQL_MODE = "NO_AUTO_VALUE_ON_ZERO";
START TRANSACTION;
SET time_zone = "+00:00";


/*!40101 SET @OLD_CHARACTER_SET_CLIENT=@@CHARACTER_SET_CLIENT */;
/*!40101 SET @OLD_CHARACTER_SET_RESULTS=@@CHARACTER_SET_RESULTS */;
/*!40101 SET @OLD_COLLATION_CONNECTION=@@COLLATION_CONNECTION */;
/*!40101 SET NAMES utf8mb4 */;

--
-- Base de données : `meteoconcept`
--

-- --------------------------------------------------------

--
-- Structure de la table `capteur`
--

CREATE TABLE `capteur` (
  `IdCapteur` smallint(6) NOT NULL,
  `Nom` varchar(100) NOT NULL,
  `Marque` varchar(50) DEFAULT NULL,
  `Reference` varchar(50) DEFAULT NULL,
  `NumSerie` varchar(50) DEFAULT NULL,
  `DateMiseEnService` datetime NOT NULL,
  `Commentaire` varchar(200) DEFAULT NULL,
  `SeuilMax` float DEFAULT NULL,
  `SeuilMin` float DEFAULT NULL,
  `EtatComposant` varchar(20) NOT NULL,
  `GrandeurCapt` varchar(25) NOT NULL,
  `Unite` varchar(10) NOT NULL
) ENGINE=InnoDB DEFAULT CHARSET=utf8mb4 COLLATE=utf8mb4_unicode_ci;

--
-- Déchargement des données de la table `capteur`
--

INSERT INTO `capteur` (`IdCapteur`, `Nom`, `Marque`, `Reference`, `NumSerie`, `DateMiseEnService`, `Commentaire`, `SeuilMax`, `SeuilMin`, `EtatComposant`, `GrandeurCapt`, `Unite`) VALUES
(1, 'Capteur Temp patates', NULL, NULL, NULL, '2025-02-28 13:49:50', NULL, '22', '-5', 'OK', 'Temperature', '°C'),
(2, 'Capteur Hum', NULL, NULL, NULL, '2025-03-03 08:54:33', NULL, NULL, NULL,'OK', 'Humidite', '%'),
(3, 'Capteur Vit', NULL, NULL, NULL, '2025-03-03 08:54:33', NULL, NULL, NULL,'HS', 'Vitesse du vent', 'km/h'),
(4, 'Capteur Temp tomates', NULL, NULL, NULL, '2025-03-03 08:57:27', NULL, NULL, NULL,'OK', 'Temperature', '°C'),
(5, 'Capteur Hum', NULL, NULL, NULL, '2025-03-03 08:57:46', NULL, '54', NULL, 'HS', 'Humidite', '%'),
(6, 'Capteur Vit', NULL, NULL, NULL, '2025-03-03 08:57:46', NULL, NULL, NULL,'Veille', 'Vitesse du vent', 'km/h');

-- --------------------------------------------------------

--
-- Structure de la table `carte`
--

CREATE TABLE `carte` (
  `IdCarte` smallint(6) NOT NULL,
  `Nom` varchar(100) NOT NULL,
  `DateMiseEnService` datetime NOT NULL,
  `EUI` varchar(50) NOT NULL,
  `AppEUI` varchar(50) NOT NULL,
  `Marque` varchar(50) DEFAULT NULL,
  `Reference` varchar(50) DEFAULT NULL,
  `NumSerie` varchar(50) DEFAULT NULL,
  `Commentaire` varchar(200) DEFAULT NULL,
  `IdChapelle` smallint(6) NOT NULL,
  `EtatComposant` varchar(20) NOT NULL
) ENGINE=InnoDB DEFAULT CHARSET=utf8mb4 COLLATE=utf8mb4_unicode_ci;

--
-- Déchargement des données de la table `carte`
--

INSERT INTO `carte` (`IdCarte`, `Nom`, `DateMiseEnService`, `EUI`, `AppEUI`, `Marque`, `Reference`, `NumSerie`, `Commentaire`, `IdChapelle`, `EtatComposant`) VALUES
(1, 'Carte Chevalier', '2025-02-28 13:48:19', 'EUI', 'AppEUI', NULL, NULL, NULL, NULL, 1, 'OK'),
(5, 'Carte Prince', '2025-03-03 08:50:11', 'EUI', 'AppEUI', NULL, NULL, NULL, NULL, 2, 'Veille');

-- --------------------------------------------------------

--
-- Structure de la table `chapelle`
--

CREATE TABLE `chapelle` (
  `IdChapelle` smallint(6) NOT NULL,
  `Nom` varchar(100) NOT NULL,
  `Commentaire` varchar(200) DEFAULT NULL,
  `IdSerre` smallint(6) NOT NULL
) ENGINE=InnoDB DEFAULT CHARSET=utf8mb4 COLLATE=utf8mb4_unicode_ci;

--
-- Déchargement des données de la table `chapelle`
--

INSERT INTO `chapelle` (`IdChapelle`, `Nom`, `Commentaire`, `IdSerre`) VALUES
(1, 'Chapelle Chevalier', NULL, 1),
(2, 'Chapelle Prince', NULL, 1);

-- --------------------------------------------------------

--
-- Structure de la table `etat`
--

CREATE TABLE `etat` (
  `EtatComposant` varchar(20) NOT NULL
) ENGINE=InnoDB DEFAULT CHARSET=utf8mb4 COLLATE=utf8mb4_unicode_ci;

--
-- Déchargement des données de la table `etat`
--

INSERT INTO `etat` (`EtatComposant`) VALUES
('HS'),
('OK'),
('Veille');

-- --------------------------------------------------------

--
-- Structure de la table `fonctionutilisateur`
--

CREATE TABLE `fonctionutilisateur` (
  `Fonction` varchar(50) NOT NULL
) ENGINE=InnoDB DEFAULT CHARSET=utf8mb4 COLLATE=utf8mb4_unicode_ci;

--
-- Déchargement des données de la table `fonctionutilisateur`
--

INSERT INTO `fonctionutilisateur` (`Fonction`) VALUES
('Administrateur'),
('Technicien');

-- --------------------------------------------------------

--
-- Structure de la table `grandeur`
--

CREATE TABLE `grandeur` (
  `GrandeurCapt` varchar(25) NOT NULL,
  `Unite` varchar(10) NOT NULL
) ENGINE=InnoDB DEFAULT CHARSET=utf8mb4 COLLATE=utf8mb4_unicode_ci;

--
-- Déchargement des données de la table `grandeur`
--

INSERT INTO `grandeur` (`GrandeurCapt`, `Unite`) VALUES
('Humidite', '%'),
('Temperature', '°C'),
('Vitesse du vent', 'km/h');

-- --------------------------------------------------------

--
-- Structure de la table `intervient`
--

CREATE TABLE `intervient` (
  `IdUtilisateur` smallint(6) NOT NULL,
  `IdCarte` smallint(6) NOT NULL,
  `DateIntervention` datetime NOT NULL,
  `NatureIntervention` varchar(500) NOT NULL
) ENGINE=InnoDB DEFAULT CHARSET=utf8mb4 COLLATE=utf8mb4_unicode_ci;

-- --------------------------------------------------------

--
-- Structure de la table `mesure`
--

CREATE TABLE `mesure` (
  `Horodatage` datetime NOT NULL,
  `Valeur` float NOT NULL,
  `IdCapteur` smallint(6) NOT NULL
) ENGINE=InnoDB DEFAULT CHARSET=utf8mb4 COLLATE=utf8mb4_unicode_ci;

--
-- Déchargement des données de la table `mesure`
--

INSERT INTO `mesure` (`Horodatage`, `Valeur`, `IdCapteur`) VALUES
('2006-03-01 11:52:43', 90.5, 1),
('2006-03-12 19:50:46', 49.3, 2),
('2006-03-15 20:24:49', 60.1, 3),
('2006-03-24 08:26:44', 93.8, 1),
('2006-03-26 01:53:41', 62.2, 1),
('2006-04-03 07:53:51', 87.2, 4),
('2006-04-03 10:28:46', 31.8, 2),
('2006-04-13 06:46:54', 86.6, 5),
('2006-04-23 23:16:58', 40.7, 6),
('2006-05-01 20:58:47', 90.2, 3),
('2006-05-05 08:43:53', 0.7, 5),
('2006-05-07 14:03:41', 77.6, 1),
('2006-05-14 16:56:46', 44.9, 2),
('2006-05-15 14:15:41', 74.1, 1),
('2006-05-25 06:04:51', 2.6, 4),
('2006-05-26 09:23:41', 19.6, 1),
('2006-06-01 03:56:51', 4.3, 4),
('2006-06-20 08:25:47', 1.7, 3),
('2006-06-22 21:58:45', 46.2, 2),
('2006-06-24 07:29:49', 17.8, 3),
('2006-06-26 13:44:54', 9.7, 5),
('2006-07-07 05:11:44', 39.1, 1),
('2006-07-10 20:52:45', 73.5, 2),
('2006-07-17 00:22:42', 80.5, 1),
('2006-07-22 22:56:52', 69, 4),
('2006-07-24 05:54:51', 36.6, 4),
('2006-08-07 02:25:49', 83.6, 3),
('2006-08-07 14:35:53', 51.1, 5),
('2006-08-18 07:22:58', 65.3, 6),
('2006-08-20 17:31:47', 89.6, 2),
('2006-08-27 08:44:44', 40.4, 2),
('2006-08-29 19:20:47', 73.5, 3),
('2006-09-07 06:26:51', 63.8, 4),
('2006-09-13 00:25:50', 92.3, 4),
('2006-09-15 10:52:54', 49.2, 5),
('2006-09-20 09:22:41', 4.8, 1),
('2006-09-30 15:32:50', 86.2, 4),
('2006-10-07 00:22:48', 48, 3),
('2006-10-19 09:40:45', 65.1, 2),
('2006-10-20 23:43:47', 81.9, 3),
('2006-10-23 06:01:43', 68, 1),
('2006-10-28 04:48:50', 60, 4),
('2006-10-28 06:50:45', 36.6, 2),
('2006-11-01 17:09:55', 58.2, 5),
('2006-11-02 13:37:51', 20.9, 4),
('2006-11-10 13:34:53', 93.1, 5),
('2006-11-13 22:28:47', 17.1, 2),
('2006-11-15 09:01:53', 86.3, 5),
('2006-11-18 21:05:43', 25.8, 1),
('2006-12-02 09:31:45', 75.8, 2),
('2006-12-23 16:21:46', 41.7, 2),
('2006-12-24 22:48:52', 51.4, 4),
('2006-12-25 05:24:56', 41.3, 6),
('2007-01-03 08:20:42', 84.7, 1),
('2007-01-07 14:50:46', 75.4, 2),
('2007-01-09 01:23:45', 52.1, 2),
('2007-01-16 03:42:43', 88.4, 1),
('2007-01-27 21:06:45', 84.8, 2),
('2007-02-01 21:34:55', 91.7, 5),
('2007-02-07 07:47:56', 63.5, 6),
('2007-03-04 00:12:53', 24.8, 5),
('2007-04-04 03:01:52', 23.9, 4),
('2007-04-04 15:33:47', 67.6, 3),
('2007-04-12 20:52:55', 14.2, 5),
('2007-05-07 20:27:49', 77.9, 3),
('2007-05-13 16:09:53', 32.1, 5),
('2007-05-14 02:35:50', 80.5, 4),
('2007-05-15 19:01:57', 88.8, 6),
('2007-05-18 00:45:52', 29.1, 4),
('2007-05-21 16:21:48', 15.3, 3),
('2007-05-25 08:33:56', 85.1, 6),
('2007-06-06 10:51:48', 48.6, 3),
('2007-06-08 15:31:42', 9.9, 1),
('2007-06-14 13:53:43', 28.6, 1),
('2007-06-16 20:29:46', 5.8, 2),
('2007-06-30 19:00:43', 44.5, 1),
('2007-07-15 03:07:53', 41, 5),
('2007-07-23 11:31:58', 54, 6),
('2007-07-28 16:29:43', 89.9, 1),
('2007-08-08 11:05:46', 80.9, 2),
('2007-08-17 22:12:54', 53.2, 5),
('2007-08-28 16:33:53', 16.6, 5),
('2007-08-31 07:02:50', 85.7, 4),
('2007-09-03 16:00:52', 87.8, 4),
('2007-09-04 10:21:46', 47.3, 2),
('2007-09-08 01:16:45', 71.1, 2),
('2007-09-08 23:28:50', 45.5, 4),
('2007-09-16 04:34:53', 19.1, 5),
('2007-09-20 19:50:41', 49.8, 1),
('2007-09-22 14:32:54', 21.3, 5),
('2007-09-29 01:06:46', 2.3, 2),
('2007-10-06 10:43:48', 17, 3),
('2007-10-11 00:15:55', 26.6, 5),
('2007-10-11 02:58:48', 74.1, 3),
('2007-10-24 15:01:43', 57.3, 1),
('2007-10-28 13:04:55', 28.2, 6),
('2007-11-02 21:25:56', 6.6, 6),
('2007-11-10 13:59:49', 49.1, 3),
('2007-11-12 17:18:54', 44.9, 5),
('2007-11-13 18:32:48', 69.4, 3),
('2007-11-16 22:57:48', 89.1, 3),
('2007-12-12 20:57:57', 34.5, 6),
('2007-12-18 10:32:43', 97.9, 1),
('2007-12-20 21:39:52', 21.1, 4),
('2007-12-23 14:00:43', 7, 1),
('2008-01-03 16:18:54', 17, 5),
('2008-01-12 00:19:52', 27.2, 4),
('2008-01-14 11:08:54', 55.6, 5),
('2008-01-18 18:21:47', 98.9, 3),
('2008-01-25 22:39:48', 58.3, 3),
('2008-01-27 00:50:55', 59, 5),
('2008-02-03 04:35:53', 37.8, 5),
('2008-02-13 11:30:47', 17.7, 3),
('2008-02-19 23:31:49', 54.8, 3),
('2008-02-21 02:31:41', 48.5, 1),
('2008-02-22 01:22:48', 9.7, 3),
('2008-02-25 17:03:54', 86.8, 5),
('2008-03-02 06:54:57', 17.3, 6),
('2008-03-02 11:02:41', 69.6, 1),
('2008-03-05 01:48:58', 19, 6),
('2008-03-15 11:18:58', 33.3, 6),
('2008-03-18 11:08:57', 90.6, 6),
('2008-03-19 16:14:45', 77.8, 2),
('2008-03-20 05:29:43', 82.1, 1),
('2008-03-24 14:15:41', 97.8, 1),
('2008-04-01 20:27:56', 30.7, 6),
('2008-04-08 20:56:55', 86.4, 5),
('2008-04-10 18:51:47', 38.7, 3),
('2008-04-22 18:20:56', 10.6, 6),
('2008-05-10 16:59:46', 28, 2),
('2008-05-10 18:27:55', 93.4, 5),
('2008-05-11 01:31:55', 47.2, 5),
('2008-05-17 09:46:42', 30.3, 1),
('2008-05-21 19:01:58', 26.5, 6),
('2008-05-22 23:13:53', 81.8, 5),
('2008-05-28 03:19:49', 54, 3),
('2008-05-30 21:54:45', 61.8, 2),
('2008-06-01 14:01:50', 52.6, 4),
('2008-06-01 23:32:48', 75.9, 3),
('2008-06-02 05:20:56', 57.7, 6),
('2008-06-04 06:23:51', 60.2, 4),
('2008-06-20 22:53:49', 55.6, 3),
('2008-06-27 01:08:44', 77.7, 1),
('2008-07-01 09:42:48', 21.4, 3),
('2008-07-05 02:16:53', 7.2, 5),
('2008-07-05 16:10:48', 40.7, 3),
('2008-07-07 18:44:45', 11, 2),
('2008-07-10 10:25:43', 56.9, 1),
('2008-07-12 13:26:53', 48.7, 5),
('2008-07-13 14:51:53', 28.3, 5),
('2008-07-17 06:11:50', 97, 4),
('2008-07-27 21:05:48', 53.4, 3),
('2008-08-03 16:13:48', 15.9, 3),
('2008-08-07 16:04:48', 4.1, 3),
('2008-08-08 15:49:50', 73.5, 4),
('2008-08-12 10:24:49', 79.2, 3),
('2008-08-14 17:34:50', 36.6, 4),
('2008-08-22 10:49:47', 9.8, 3),
('2008-08-24 01:21:52', 56, 4),
('2008-08-28 23:00:44', 81.2, 1),
('2008-08-29 16:18:54', 90.2, 5),
('2008-08-29 17:08:50', 93.1, 4),
('2008-08-31 02:57:52', 75.2, 4),
('2008-09-01 16:16:51', 47, 4),
('2008-09-03 22:07:51', 48.2, 4),
('2008-09-10 22:07:41', 5.7, 1),
('2008-09-11 08:09:56', 85.8, 6),
('2008-09-15 06:14:51', 58.5, 4),
('2008-09-15 15:48:53', 32, 5),
('2008-09-19 16:23:53', 23.1, 5),
('2008-09-22 22:01:54', 71.6, 5),
('2008-10-07 17:16:51', 2.5, 4),
('2008-10-10 07:02:48', 88.5, 3),
('2008-10-14 14:06:54', 91, 5),
('2008-10-15 03:14:54', 71.4, 5),
('2008-10-18 00:46:44', 89.2, 1),
('2008-10-24 09:30:55', 65.1, 6),
('2008-10-26 16:41:56', 51.9, 6),
('2008-11-03 10:17:42', 29.7, 1),
('2008-11-16 16:58:56', 59.6, 6),
('2008-11-19 23:12:55', 60, 5),
('2008-12-01 14:07:51', 57.1, 4),
('2008-12-16 16:59:53', 93.4, 5),
('2008-12-17 05:17:42', 84.7, 1),
('2008-12-19 18:48:44', 56.6, 1),
('2008-12-25 02:45:50', 20.5, 4),
('2008-12-28 22:24:57', 46.6, 6),
('2009-01-05 16:08:44', 99.2, 2),
('2009-01-13 06:06:52', 49.9, 4),
('2009-01-21 21:33:55', 5.5, 5),
('2009-01-26 00:45:54', 69.2, 5),
('2009-02-01 17:13:47', 19.9, 3),
('2009-02-04 04:30:56', 96, 6),
('2009-02-10 01:37:56', 34.6, 6),
('2009-02-10 20:47:47', 11.4, 2),
('2009-02-14 16:47:51', 30.3, 4),
('2009-02-17 15:27:52', 57, 5),
('2009-02-28 16:52:54', 40.1, 5),
('2009-03-01 09:54:48', 46.6, 3),
('2009-03-02 09:49:50', 24.8, 3),
('2009-03-11 20:31:48', 2.4, 3),
('2009-03-12 21:42:42', 42.4, 1),
('2009-03-14 07:38:54', 25.9, 5),
('2009-03-15 17:03:48', 72.1, 3),
('2009-03-18 22:10:54', 85.3, 5),
('2009-03-22 19:56:52', 88.2, 4),
('2009-03-25 23:49:42', 46.5, 1),
('2009-03-29 21:01:47', 94.2, 2),
('2009-04-03 01:44:44', 7.7, 1),
('2009-04-04 23:59:56', 74.5, 6),
('2009-04-16 08:07:47', 55.7, 2),
('2009-04-19 08:16:49', 4.2, 3),
('2009-04-23 18:13:54', 50.8, 5),
('2009-04-29 19:21:57', 61.9, 6),
('2009-05-04 09:51:57', 0.5, 6),
('2009-05-05 10:51:45', 65.1, 2),
('2009-05-13 15:52:49', 24.7, 3),
('2009-05-28 03:07:51', 48.2, 4),
('2009-06-19 03:42:49', 72.5, 3),
('2009-06-21 07:36:51', 74.6, 4),
('2009-06-26 00:33:47', 94, 3),
('2009-06-30 02:39:51', 96.9, 4),
('2009-07-05 17:33:57', 57.8, 6),
('2009-07-07 14:14:45', 35.5, 2),
('2009-07-09 07:40:52', 83.3, 4),
('2009-07-15 19:35:44', 47.9, 2),
('2009-07-21 05:27:44', 19.1, 2),
('2009-07-31 01:46:51', 8.8, 4),
('2009-08-02 21:43:52', 72.5, 4),
('2009-08-13 00:19:54', 52.6, 5),
('2009-08-13 01:41:45', 52.1, 2),
('2009-08-13 15:40:55', 19.7, 5),
('2009-08-16 22:24:49', 84.5, 3),
('2009-08-20 11:34:45', 51.2, 2),
('2009-08-24 09:10:53', 33.2, 5),
('2009-08-26 07:18:58', 63.1, 6),
('2009-08-27 19:27:43', 59.8, 1),
('2009-09-01 22:29:53', 74, 5),
('2009-09-10 06:18:54', 15.7, 5),
('2009-09-12 22:52:56', 38.1, 6),
('2009-09-16 00:29:52', 88.4, 4),
('2009-09-20 12:28:52', 48.8, 4),
('2009-10-03 09:43:45', 0.9, 2),
('2009-10-03 16:11:50', 10.9, 4),
('2009-10-04 15:37:56', 67.2, 6),
('2009-10-08 01:48:53', 54.2, 5),
('2009-10-11 22:23:43', 65.2, 1),
('2009-10-22 03:50:45', 60.6, 2),
('2009-10-23 08:14:57', 71.5, 6),
('2009-10-27 16:50:47', 20, 3),
('2009-11-10 12:19:48', 6.8, 3),
('2009-11-10 13:34:57', 72.1, 6),
('2009-11-24 08:14:47', 36.4, 3),
('2009-11-25 23:19:58', 95.6, 6),
('2009-11-28 10:46:55', 37.1, 5),
('2009-12-01 03:18:46', 42.8, 2),
('2009-12-01 11:35:51', 74.6, 4),
('2009-12-18 17:01:50', 24.5, 3),
('2009-12-20 05:54:45', 50.5, 2),
('2009-12-20 07:33:46', 11.2, 2),
('2009-12-31 13:09:54', 60.7, 5),
('2010-01-06 02:33:42', 18.9, 1),
('2010-01-15 18:32:43', 68.6, 1),
('2010-01-31 04:45:54', 96.6, 5),
('2010-02-11 18:42:47', 28.9, 3),
('2010-02-12 07:51:42', 37, 1),
('2010-02-18 15:37:46', 24.8, 2),
('2010-02-26 09:02:43', 55.9, 1),
('2010-03-04 22:46:52', 63, 4),
('2010-04-06 08:35:47', 17.2, 3),
('2010-04-09 07:59:51', 46.9, 4),
('2010-04-10 19:17:57', 85.9, 6),
('2010-04-14 08:25:55', 15.7, 5),
('2010-04-20 09:35:52', 32.6, 4),
('2010-04-29 10:16:51', 15.3, 4),
('2010-04-30 03:45:42', 61.5, 1),
('2010-05-12 17:34:45', 71.2, 2),
('2010-05-17 21:51:53', 9.6, 5),
('2010-05-18 00:30:41', 33.8, 1),
('2010-05-25 11:41:41', 82.8, 1),
('2010-06-12 23:15:54', 57.5, 5),
('2010-06-14 21:36:53', 33.5, 5),
('2010-06-18 11:47:43', 57.9, 1),
('2010-06-29 00:40:58', 45.2, 6),
('2010-07-07 04:58:49', 36.1, 3),
('2010-07-11 01:15:51', 31.7, 4),
('2010-07-18 02:13:55', 35.7, 5),
('2010-07-25 19:23:44', 86.9, 2),
('2010-08-11 09:57:49', 98.5, 3),
('2010-08-20 16:10:51', 52.6, 4),
('2010-08-24 17:53:55', 29.1, 5),
('2010-08-26 12:23:55', 93.1, 6),
('2010-08-30 23:30:45', 67.6, 2),
('2010-09-04 04:24:52', 0.7, 4),
('2010-09-08 11:11:42', 52.4, 1),
('2010-09-25 18:29:42', 37.1, 1),
('2010-10-09 03:26:49', 15.3, 3),
('2010-10-09 15:14:58', 61.3, 6),
('2010-10-18 14:21:42', 24, 1),
('2010-10-26 00:14:53', 35.3, 5),
('2010-10-28 01:49:49', 3.4, 3),
('2010-10-29 13:14:46', 83.2, 2),
('2010-10-30 04:45:45', 81.9, 2),
('2010-10-31 12:38:46', 96, 2),
('2010-11-02 01:34:48', 59.3, 3),
('2010-11-02 07:45:49', 7.8, 3),
('2010-11-07 02:42:52', 15.9, 4),
('2010-11-08 01:43:57', 72.7, 6),
('2010-11-09 08:40:47', 55.6, 3),
('2010-11-12 01:02:52', 57.3, 4),
('2010-11-15 02:38:50', 69.8, 4),
('2010-11-15 20:06:44', 85.3, 2),
('2010-11-17 16:37:55', 47.1, 6),
('2010-11-19 15:00:51', 78.9, 4),
('2010-11-26 18:24:50', 85.7, 4),
('2010-11-30 07:08:48', 74.9, 3),
('2010-12-04 03:58:49', 46.4, 3),
('2010-12-04 07:01:55', 64, 5),
('2010-12-05 00:38:43', 4.5, 1),
('2010-12-17 16:38:54', 34.7, 5),
('2010-12-21 01:15:58', 88.7, 6),
('2010-12-22 08:08:44', 69.8, 2),
('2010-12-30 09:47:42', 41.7, 1),
('2011-01-19 04:04:49', 60, 3),
('2011-01-23 19:10:46', 63.8, 2),
('2011-02-09 22:20:46', 63.1, 2),
('2011-02-13 09:39:56', 38.2, 6),
('2011-02-18 05:10:49', 11.2, 3),
('2011-02-21 17:50:49', 55.7, 3),
('2011-02-28 21:18:42', 56, 1),
('2011-03-06 04:06:41', 28.4, 1),
('2011-03-09 00:41:53', 22.5, 5),
('2011-03-15 10:28:55', 76.2, 5),
('2011-03-17 18:39:45', 62.5, 2),
('2011-03-18 08:33:45', 40.7, 2),
('2011-04-02 05:15:41', 40.1, 1),
('2011-04-05 06:25:44', 59.3, 2),
('2011-04-11 00:02:56', 99.6, 6),
('2011-04-24 19:17:48', 11, 3),
('2011-04-28 10:19:53', 87.6, 5),
('2011-05-15 10:19:56', 62.9, 6),
('2011-05-22 01:59:58', 47.2, 6),
('2011-06-03 00:14:41', 24, 1),
('2011-06-07 09:07:58', 26, 6),
('2011-07-08 13:41:45', 40.2, 2),
('2011-08-04 09:59:45', 50.6, 2),
('2011-08-04 14:36:41', 81.4, 1),
('2011-08-09 14:16:55', 45, 5),
('2011-08-10 15:44:47', 76.1, 3),
('2011-08-17 00:27:47', 21.2, 3),
('2011-08-18 08:35:55', 67.7, 5),
('2011-08-22 20:55:54', 76.7, 5),
('2011-08-28 12:58:56', 34.7, 6),
('2011-08-29 13:02:54', 64.3, 5),
('2011-09-08 01:50:43', 29.9, 1),
('2011-09-08 17:50:50', 53.9, 4),
('2011-09-10 22:28:46', 25.2, 2),
('2011-09-13 20:49:54', 40.9, 5),
('2011-09-28 11:47:58', 56.5, 6),
('2011-10-01 23:13:56', 15.2, 6),
('2011-10-09 23:26:56', 39.8, 6),
('2011-10-14 04:22:50', 69.8, 4),
('2011-10-15 20:00:54', 14.1, 5),
('2011-10-30 14:30:42', 8.3, 1),
('2011-11-01 16:03:57', 47.1, 6),
('2011-11-09 14:40:54', 68.2, 5),
('2011-11-09 15:38:42', 19, 1),
('2011-11-10 00:46:42', 73.3, 1),
('2011-11-10 09:31:49', 61.4, 3),
('2011-11-13 12:28:57', 96, 6),
('2011-11-23 08:04:52', 47.4, 4),
('2011-11-24 15:07:55', 86.6, 5),
('2011-11-30 19:59:53', 48.9, 5),
('2011-12-01 15:38:42', 69.5, 1),
('2011-12-02 00:40:45', 19.7, 2),
('2011-12-04 15:28:51', 63.1, 4),
('2011-12-06 09:38:55', 74.6, 5),
('2011-12-10 04:48:57', 86.5, 6),
('2012-01-01 12:55:52', 69.3, 4),
('2012-01-17 18:08:42', 41.9, 1),
('2012-02-09 21:54:45', 15, 2),
('2012-02-20 08:03:49', 59.9, 3),
('2012-02-26 16:43:42', 5.4, 1),
('2012-02-28 14:09:54', 76.2, 5),
('2012-03-03 14:54:56', 91.7, 6),
('2012-03-07 05:37:47', 50.7, 3),
('2012-03-09 04:05:49', 55.5, 3),
('2012-03-17 02:49:52', 65.1, 4),
('2012-03-22 06:43:41', 85.9, 1),
('2012-03-29 14:21:50', 40.9, 4),
('2012-03-31 20:51:50', 57.3, 4),
('2012-04-01 11:23:46', 10.8, 2),
('2012-05-02 01:18:42', 83.7, 1),
('2012-05-02 10:57:53', 9.6, 5),
('2012-05-04 03:33:44', 93.6, 1),
('2012-05-09 11:48:49', 37, 3),
('2012-05-21 18:52:57', 40.9, 6),
('2012-05-28 07:19:45', 73.5, 2),
('2012-05-30 21:17:48', 80, 3),
('2012-05-31 02:02:51', 89.9, 4),
('2012-06-05 11:08:58', 45.2, 6),
('2012-06-10 14:00:45', 42, 2),
('2012-06-13 09:51:57', 29.6, 6),
('2012-06-21 15:40:53', 45.8, 5),
('2012-06-21 22:34:48', 13.2, 3),
('2012-07-08 04:45:42', 67, 1),
('2012-07-08 18:30:57', 21, 6),
('2012-07-11 15:36:46', 49, 2),
('2012-07-13 16:51:51', 93.7, 4),
('2012-07-14 04:35:43', 66, 1),
('2012-07-18 08:26:53', 4, 5),
('2012-07-18 08:32:57', 96.4, 6),
('2012-08-16 23:55:52', 17.3, 4),
('2012-08-17 03:15:54', 82.5, 5),
('2012-08-18 07:48:41', 89.9, 1),
('2012-08-26 02:07:54', 42.1, 5),
('2012-08-28 03:45:44', 61.2, 1),
('2012-09-06 06:46:45', 19, 2),
('2012-09-11 00:23:52', 22.3, 4),
('2012-09-16 23:12:42', 50.1, 1),
('2012-10-04 15:46:51', 37.2, 4),
('2012-10-05 04:10:52', 12.4, 4),
('2012-10-06 23:02:51', 58.6, 4),
('2012-10-15 21:01:43', 97.3, 1),
('2012-10-27 20:14:46', 76.3, 2),
('2012-10-29 04:27:53', 88.5, 5),
('2012-11-01 22:46:54', 97.8, 5),
('2012-11-10 05:51:43', 6.6, 1),
('2012-11-21 19:32:48', 14.5, 3),
('2012-11-27 20:19:47', 0.2, 2),
('2012-12-03 07:53:57', 7, 6),
('2012-12-12 04:46:54', 33.3, 5),
('2012-12-15 17:30:52', 7.4, 5),
('2012-12-26 17:48:49', 21.4, 3),
('2013-01-07 09:47:49', 17.8, 3),
('2013-01-08 18:58:47', 46.5, 3),
('2013-01-11 16:10:51', 22.1, 4),
('2013-01-15 23:59:46', 54.5, 2),
('2013-01-17 11:14:41', 99.2, 1),
('2013-01-22 21:30:57', 98.2, 6),
('2013-02-03 06:58:49', 69.7, 3),
('2013-02-06 12:41:42', 60.6, 1),
('2013-02-10 17:50:53', 93.9, 5),
('2013-02-11 12:39:57', 83.1, 6),
('2013-02-11 19:32:56', 78.7, 6),
('2013-02-12 00:03:53', 60, 5),
('2013-02-12 15:55:52', 23.7, 4),
('2013-02-13 17:42:46', 63.4, 2),
('2013-02-15 06:59:42', 84, 1),
('2013-02-16 16:01:46', 51.6, 2),
('2013-02-20 03:46:55', 57.5, 5),
('2013-02-20 15:08:48', 86.5, 3),
('2013-02-23 17:55:42', 72.1, 1),
('2013-02-24 23:52:57', 50, 6),
('2013-02-26 08:03:44', 36.2, 2),
('2013-02-27 02:48:54', 47.6, 5),
('2013-02-28 07:37:51', 89.7, 4),
('2013-03-04 11:43:56', 95.5, 6),
('2013-03-24 21:29:43', 36.4, 1),
('2013-04-12 18:30:46', 93.7, 2),
('2013-04-17 08:33:46', 54.4, 2),
('2013-04-22 08:08:43', 27.7, 1),
('2013-04-30 15:47:55', 43.5, 6),
('2013-05-01 10:47:58', 12.6, 6),
('2013-05-16 14:29:47', 34.5, 3),
('2013-05-17 01:52:44', 12.4, 1),
('2013-05-27 20:00:55', 24.2, 5),
('2013-05-31 08:35:52', 11, 4),
('2013-06-10 19:38:45', 82, 2),
('2013-06-11 15:54:50', 37.8, 4),
('2013-06-16 23:56:55', 85.2, 5),
('2013-06-25 16:49:48', 12, 3),
('2013-07-01 06:08:46', 85.2, 2),
('2013-07-09 00:40:42', 57.8, 1),
('2013-07-21 19:01:45', 15.4, 2),
('2013-07-25 06:09:58', 22.2, 6),
('2013-08-15 22:39:43', 45.1, 1),
('2013-08-16 18:55:50', 71.1, 4),
('2013-09-08 17:50:49', 58.9, 3),
('2013-09-19 05:56:49', 73.1, 3),
('2013-09-28 02:45:54', 8.2, 5),
('2013-10-02 02:39:48', 91.2, 3),
('2013-10-02 12:43:53', 24, 5),
('2013-10-06 01:55:52', 44.9, 5),
('2013-10-10 10:14:54', 18.7, 5),
('2013-10-17 18:22:50', 66.6, 4),
('2013-10-20 21:58:47', 98.5, 3),
('2013-10-23 04:27:54', 30.9, 5),
('2013-11-13 01:52:43', 41.4, 1),
('2013-11-20 11:46:49', 97.5, 3),
('2013-11-23 09:51:41', 32.1, 1),
('2013-11-24 21:52:47', 66.4, 3),
('2013-11-26 11:22:51', 93.7, 4),
('2013-12-02 04:13:47', 91.7, 3),
('2013-12-04 00:15:56', 61.4, 6),
('2013-12-06 04:22:42', 72.2, 1),
('2013-12-10 02:19:46', 82.6, 2),
('2013-12-19 16:59:55', 36.4, 6),
('2013-12-22 05:12:47', 49.1, 3),
('2013-12-26 16:43:50', 62.1, 4),
('2014-01-02 09:00:57', 96.4, 6),
('2014-01-10 05:14:56', 65.9, 6),
('2014-01-17 23:20:51', 0.3, 4),
('2014-01-21 03:57:44', 44, 1),
('2014-01-23 20:12:51', 10.4, 4),
('2014-02-02 17:37:41', 49, 1),
('2014-02-09 06:46:45', 3.5, 2),
('2014-02-11 12:06:50', 30.2, 4),
('2014-02-12 09:11:53', 24.8, 5),
('2014-02-13 22:04:58', 91.5, 6),
('2014-02-21 10:41:56', 36.6, 6),
('2014-02-25 09:44:58', 75.2, 6),
('2014-02-27 11:57:44', 14.9, 2),
('2014-03-08 01:20:56', 82.6, 6),
('2014-03-08 10:30:49', 60.9, 3),
('2014-03-11 00:31:49', 21.3, 3),
('2014-03-11 03:12:57', 12.5, 6),
('2014-03-13 11:15:49', 76, 3),
('2014-03-15 09:24:44', 93.3, 1),
('2014-04-07 13:30:57', 10.8, 6),
('2014-04-12 00:16:53', 48.8, 5),
('2014-04-14 18:56:56', 39.1, 6),
('2014-04-23 17:20:53', 23.9, 5),
('2014-04-25 09:30:52', 12.9, 4),
('2014-04-26 14:19:52', 40.2, 4),
('2014-05-01 09:05:43', 52.2, 1),
('2014-05-12 23:58:55', 68.8, 6),
('2014-05-17 20:13:42', 22.4, 1),
('2014-05-19 04:15:55', 90.8, 5),
('2014-05-23 00:10:49', 39.9, 3),
('2014-05-24 00:16:52', 31, 4),
('2014-05-26 20:23:46', 95.9, 2),
('2014-06-15 22:36:58', 90.6, 6),
('2014-07-02 20:27:55', 29.8, 5),
('2014-07-04 17:29:51', 71, 4),
('2014-07-06 23:24:45', 81.3, 2),
('2014-07-25 12:27:44', 56.4, 2),
('2014-07-28 12:38:50', 52.6, 4),
('2014-07-30 08:37:42', 9.2, 1),
('2014-08-03 07:01:57', 12.2, 6),
('2014-08-28 19:32:42', 39.8, 1),
('2014-09-05 00:33:57', 32.6, 6),
('2014-09-08 23:10:47', 28.9, 2),
('2014-09-10 11:04:58', 92.2, 6),
('2014-09-14 23:24:56', 47.7, 6),
('2014-09-15 19:58:48', 22.8, 3),
('2014-09-17 09:37:57', 84.3, 6),
('2014-09-20 21:41:42', 76.9, 1),
('2014-10-05 21:50:42', 52, 1),
('2014-10-08 06:48:43', 14.4, 1),
('2014-10-10 07:02:54', 64, 5),
('2014-10-14 08:45:57', 98.2, 6),
('2014-10-17 10:12:58', 2.4, 6),
('2014-10-24 12:02:45', 91.8, 2),
('2014-11-07 08:20:51', 74.5, 4),
('2014-11-08 01:00:48', 14.8, 3),
('2014-11-09 00:53:52', 59.2, 4),
('2014-11-11 08:03:43', 53.5, 1),
('2014-11-14 15:57:50', 1.4, 4),
('2014-11-17 20:33:44', 99, 1),
('2014-11-18 04:02:56', 62.4, 6),
('2014-11-19 09:05:43', 13.6, 1),
('2014-11-25 02:50:50', 5.4, 4),
('2014-11-27 20:38:45', 23.3, 2),
('2014-12-08 07:25:42', 44.6, 1),
('2014-12-14 05:11:56', 17.7, 6),
('2014-12-19 16:38:41', 43.5, 1),
('2014-12-22 11:18:51', 26.8, 4),
('2015-01-02 18:30:44', 15.6, 2),
('2015-01-03 04:32:48', 0, 3),
('2015-01-09 19:13:56', 95.6, 6),
('2015-01-19 09:24:54', 14.5, 5),
('2015-01-21 21:58:42', 29.8, 1),
('2015-01-31 10:34:56', 22.6, 6),
('2015-02-25 16:11:44', 66.7, 2),
('2015-03-04 12:56:43', 83, 1),
('2015-03-10 08:25:43', 22.6, 1),
('2015-03-12 04:35:42', 46.4, 1),
('2015-03-22 19:42:52', 39.7, 4),
('2015-04-01 06:01:49', 7.4, 3),
('2015-04-11 20:23:45', 98.9, 2),
('2015-04-13 05:07:47', 71.7, 3),
('2015-04-30 21:52:56', 72.3, 6),
('2015-05-04 00:31:43', 93.3, 1),
('2015-05-04 10:56:51', 6, 4),
('2015-05-07 20:24:51', 23.9, 4),
('2015-05-15 19:36:58', 36.2, 6),
('2015-05-17 09:21:48', 75, 3),
('2015-05-19 04:09:52', 10.7, 4),
('2015-05-21 06:20:49', 72.8, 3),
('2015-05-24 19:15:56', 12.1, 6),
('2015-05-26 19:50:42', 47.4, 1),
('2015-06-03 19:58:51', 79.5, 4),
('2015-06-18 03:32:57', 76.7, 6),
('2015-06-26 20:49:42', 43.9, 1),
('2015-07-06 08:34:49', 8.6, 3),
('2015-07-08 00:19:48', 57.2, 3),
('2015-07-11 18:47:58', 0.4, 6),
('2015-07-22 19:33:48', 27.1, 3),
('2015-07-23 18:47:42', 56, 1),
('2015-07-25 14:34:52', 93.6, 4),
('2015-07-30 10:30:49', 68, 3),
('2015-07-31 21:56:50', 22.1, 3),
('2015-08-05 07:58:47', 15.9, 3),
('2015-08-07 20:04:44', 3.5, 2),
('2015-08-10 15:08:48', 13.6, 3),
('2015-08-21 06:08:45', 67.7, 2),
('2015-08-26 21:40:43', 25.7, 1),
('2015-09-17 03:35:46', 7.9, 2),
('2015-09-20 07:03:42', 9.4, 1),
('2015-09-25 08:32:52', 1.1, 4),
('2015-09-26 07:24:47', 94.8, 2),
('2015-09-26 19:05:52', 63.7, 4),
('2015-10-03 12:36:53', 21.8, 5),
('2015-10-09 07:39:44', 0.6, 2),
('2015-10-09 10:20:54', 87.8, 5),
('2015-10-11 23:55:47', 0.2, 2),
('2015-10-17 14:11:53', 26, 5),
('2015-10-26 14:11:45', 28.7, 2),
('2015-11-05 14:30:54', 6.1, 5),
('2015-11-15 13:52:47', 2.5, 3),
('2015-11-18 03:57:42', 34.8, 1),
('2015-11-18 23:17:47', 62.2, 3),
('2015-11-24 15:30:58', 92.9, 6),
('2015-11-25 00:44:47', 78, 3),
('2015-11-28 07:00:46', 30.4, 2),
('2015-12-10 10:10:42', 72.5, 1),
('2015-12-15 04:08:52', 35.2, 4),
('2015-12-15 18:14:51', 16.1, 4),
('2015-12-21 21:25:57', 23.6, 6),
('2015-12-25 20:44:45', 17.4, 2),
('2015-12-30 23:56:51', 48.9, 4),
('2016-01-05 03:24:52', 48.4, 4),
('2016-01-07 02:57:43', 54.4, 1),
('2016-01-08 01:13:43', 72.9, 1),
('2016-01-11 10:24:45', 29.9, 2),
('2016-01-15 16:58:47', 49.3, 3),
('2016-01-18 18:17:53', 74.1, 5),
('2016-01-20 18:24:46', 55.1, 2),
('2016-01-28 04:35:54', 46.5, 5),
('2016-02-01 01:15:55', 14.7, 5),
('2016-02-01 02:35:42', 34.1, 1),
('2016-02-01 08:56:49', 14.4, 3),
('2016-02-15 15:07:49', 50.3, 3),
('2016-02-23 06:31:52', 17.7, 4),
('2016-02-27 12:55:54', 50.5, 5),
('2016-02-28 01:26:55', 21, 5),
('2016-02-28 08:30:52', 52.2, 4),
('2016-03-11 00:32:55', 75.3, 5),
('2016-03-12 01:49:44', 30.7, 2),
('2016-03-13 02:24:52', 43.7, 4),
('2016-03-16 00:21:44', 29.6, 2),
('2016-03-17 16:07:53', 24.2, 5),
('2016-03-18 13:03:48', 50.9, 3),
('2016-03-20 22:38:43', 29.1, 1),
('2016-03-24 19:14:43', 80.6, 1),
('2016-03-30 08:44:50', 83.9, 4),
('2016-04-10 10:27:55', 32, 5),
('2016-04-23 17:47:58', 8.2, 6),
('2016-04-23 22:40:45', 57, 2),
('2016-04-26 02:36:45', 55, 2),
('2016-05-03 12:34:54', 27.4, 5),
('2016-05-08 08:41:47', 69.8, 3),
('2016-05-24 06:02:49', 57.9, 3),
('2016-05-27 08:04:44', 6.1, 2),
('2016-05-28 20:07:47', 60.1, 3),
('2016-06-08 04:47:54', 97.5, 5),
('2016-06-10 08:39:42', 89.5, 1),
('2016-07-01 18:48:42', 9.1, 1),
('2016-07-05 22:02:48', 62.9, 3),
('2016-07-14 09:47:53', 20.1, 5),
('2016-07-15 22:02:50', 84, 4),
('2016-07-22 11:03:48', 28.8, 3),
('2016-07-23 11:22:58', 99.7, 6),
('2016-08-02 05:06:43', 6.4, 1),
('2016-08-21 00:43:46', 93.9, 2),
('2016-08-21 09:18:50', 76.5, 4),
('2016-08-31 00:27:58', 74.1, 6),
('2016-09-08 19:05:45', 3.3, 2),
('2016-09-08 22:47:43', 68.1, 1),
('2016-09-23 02:13:45', 82, 2),
('2016-09-29 22:18:58', 15, 6),
('2016-10-02 21:22:53', 36.9, 5),
('2016-10-03 23:35:45', 14.6, 2),
('2016-10-07 00:29:42', 39.8, 1),
('2016-10-08 12:50:46', 85.2, 2),
('2016-10-11 03:21:55', 24.2, 5),
('2016-10-15 19:31:41', 80.6, 1),
('2016-10-26 23:32:45', 76.1, 2),
('2016-11-06 22:51:47', 48, 2),
('2016-11-15 06:12:45', 39, 2),
('2016-11-18 20:45:53', 89.8, 5),
('2016-12-01 16:21:44', 15.6, 2),
('2016-12-04 20:27:57', 72.6, 6),
('2016-12-06 00:04:43', 76, 1),
('2016-12-11 03:19:54', 42.6, 5),
('2017-01-15 01:27:57', 35.9, 6),
('2017-01-20 08:54:49', 95.1, 3),
('2017-01-22 09:02:46', 4.2, 2),
('2017-01-23 16:33:56', 83.7, 6),
('2017-01-30 19:22:52', 9.9, 4),
('2017-02-03 01:37:57', 74.3, 6),
('2017-02-04 17:05:57', 10.1, 6),
('2017-02-20 06:02:44', 28.1, 2),
('2017-02-25 11:12:51', 41.7, 4),
('2017-03-04 14:14:56', 6.9, 6),
('2017-03-11 14:51:52', 6.3, 4),
('2017-03-13 21:35:55', 87.2, 5),
('2017-03-19 11:30:52', 33.6, 4),
('2017-03-20 07:52:48', 27.9, 3),
('2017-04-07 09:25:52', 3.9, 4),
('2017-04-14 22:45:46', 33.9, 2),
('2017-04-21 06:24:42', 87.3, 1),
('2017-04-30 05:47:53', 95, 5),
('2017-05-05 20:35:56', 6.7, 6),
('2017-05-09 05:59:53', 51.3, 5),
('2017-05-10 10:35:57', 11.3, 6),
('2017-05-11 20:52:46', 82.5, 2),
('2017-05-15 16:27:53', 33.1, 5),
('2017-05-17 05:13:48', 62.5, 3),
('2017-05-28 19:36:50', 56.1, 4),
('2017-06-05 01:21:53', 92.2, 5),
('2017-06-09 15:21:48', 42.5, 3),
('2017-06-16 13:59:46', 8.2, 2),
('2017-06-21 15:58:53', 12.5, 5),
('2017-06-27 10:58:55', 13.2, 5),
('2017-06-27 18:55:47', 52.8, 2),
('2017-06-30 14:24:50', 95, 4),
('2017-07-05 19:18:43', 22.7, 1),
('2017-07-11 09:13:49', 86.1, 3),
('2017-07-11 13:41:44', 65.1, 2),
('2017-07-11 16:44:47', 47.2, 2),
('2017-07-17 14:50:48', 63.8, 3),
('2017-07-28 20:25:57', 28.6, 6),
('2017-07-29 23:50:51', 70.8, 4),
('2017-07-30 11:41:48', 90.6, 3),
('2017-08-08 10:38:42', 95.2, 1),
('2017-08-08 10:51:56', 27.2, 6),
('2017-08-11 22:01:47', 19.1, 2),
('2017-08-17 23:36:52', 58.2, 4),
('2017-08-26 06:56:45', 58.2, 2),
('2017-08-26 17:11:56', 38.1, 6),
('2017-09-01 22:00:44', 76.6, 2),
('2017-09-02 21:24:46', 5.9, 2),
('2017-09-04 18:52:55', 99.4, 5),
('2017-09-11 15:23:46', 74.6, 2),
('2017-09-24 06:16:46', 66.7, 2),
('2017-09-26 15:54:52', 14.8, 4),
('2017-09-27 10:15:50', 76, 4),
('2017-10-02 09:06:51', 50.6, 4),
('2017-10-11 10:43:51', 95.5, 4),
('2017-10-13 21:51:53', 79.2, 5),
('2017-10-18 23:11:45', 24, 2),
('2017-10-19 16:15:53', 63.8, 5),
('2017-10-31 18:24:43', 44.7, 1),
('2017-11-04 05:02:49', 37.5, 3),
('2017-11-06 11:44:58', 73.5, 6),
('2017-11-16 19:56:58', 36.5, 6),
('2017-11-19 12:55:49', 60.9, 3),
('2017-11-20 20:15:57', 13, 6),
('2017-11-29 09:30:50', 54.5, 4),
('2017-11-30 10:54:43', 84.4, 1),
('2017-12-13 19:47:49', 43.4, 3),
('2017-12-13 20:09:55', 53.6, 5),
('2017-12-15 12:11:51', 42.3, 4),
('2018-01-05 07:09:51', 17.4, 4),
('2018-01-07 00:03:50', 4.9, 4),
('2018-01-13 09:35:50', 2.2, 4),
('2018-01-17 06:23:42', 10.8, 1),
('2018-01-30 08:00:55', 71.5, 6),
('2018-02-04 11:35:43', 56, 1),
('2018-02-27 01:08:56', 43.2, 6),
('2018-03-08 21:54:49', 34.8, 3),
('2018-03-15 16:51:52', 33.7, 4),
('2018-04-06 15:48:46', 8.2, 2),
('2018-04-12 04:20:55', 19, 5),
('2018-04-24 18:31:49', 59.3, 3),
('2018-04-25 05:43:44', 26, 2),
('2018-04-28 10:52:57', 61.9, 6),
('2018-05-02 17:15:54', 15.5, 5),
('2018-05-07 02:48:42', 84.7, 1),
('2018-05-07 17:33:43', 80.7, 1),
('2018-06-03 17:25:43', 94.7, 1),
('2018-06-07 04:01:51', 55.9, 4),
('2018-06-16 09:48:50', 19.9, 4),
('2018-06-17 07:10:47', 50.3, 2),
('2018-06-23 05:50:47', 98, 3),
('2018-06-27 04:46:54', 33.4, 5),
('2018-07-01 17:17:53', 9, 5),
('2018-07-05 13:14:45', 91.7, 2),
('2018-07-07 13:31:50', 79.2, 4),
('2018-07-11 03:32:51', 74, 4),
('2018-07-11 18:41:53', 38.1, 5),
('2018-07-24 01:57:50', 90.4, 4),
('2018-07-25 13:37:41', 73.4, 1),
('2018-07-26 18:34:44', 91.6, 2),
('2018-07-27 09:44:46', 30.1, 2),
('2018-07-29 04:54:57', 69, 6),
('2018-08-14 12:53:46', 57.3, 2),
('2018-08-15 00:40:56', 4.9, 6),
('2018-08-16 19:47:56', 45.3, 6),
('2018-08-17 16:23:56', 72.6, 6),
('2018-08-17 19:11:58', 33.2, 6),
('2018-08-20 21:34:52', 41.4, 4),
('2018-09-02 03:30:44', 40.1, 2),
('2018-09-18 22:25:47', 90.7, 3),
('2018-09-19 03:26:42', 45.3, 1),
('2018-09-22 22:13:54', 68.9, 5),
('2018-10-14 20:38:54', 59.2, 5),
('2018-10-18 04:11:54', 63.5, 5),
('2018-10-30 09:23:56', 33.9, 6),
('2018-11-08 15:40:53', 93.7, 5),
('2018-11-16 03:05:44', 29.8, 2),
('2018-11-20 10:57:43', 25.9, 1),
('2018-11-26 11:36:47', 21.4, 3),
('2018-12-06 01:42:45', 52.7, 2),
('2018-12-08 16:37:49', 93.4, 3),
('2018-12-18 02:56:54', 68.5, 5),
('2018-12-22 03:20:41', 43.7, 1),
('2018-12-25 20:28:51', 83.3, 4),
('2019-01-06 02:42:57', 50.3, 6),
('2019-01-10 00:16:56', 91.2, 6),
('2019-01-13 01:02:57', 4.7, 6),
('2019-01-27 02:54:50', 31.8, 4),
('2019-01-28 07:29:44', 96.4, 2),
('2019-01-29 20:21:41', 77.7, 1),
('2019-01-29 20:28:51', 59.7, 4),
('2019-02-07 20:27:57', 50.9, 6),
('2019-02-11 22:53:57', 96.6, 6),
('2019-02-15 22:37:48', 94.8, 3),
('2019-02-19 05:32:45', 17.1, 2),
('2019-02-26 08:50:57', 89.5, 6),
('2019-03-04 12:37:42', 37.5, 1),
('2019-03-17 03:19:41', 69, 1),
('2019-03-18 02:39:57', 14.6, 6),
('2019-03-23 01:09:56', 71.2, 6),
('2019-03-27 23:46:55', 81.7, 5),
('2019-03-30 09:09:47', 41.6, 3),
('2019-04-06 19:57:49', 80.5, 3),
('2019-04-07 20:48:47', 72.7, 3),
('2019-04-12 18:09:44', 3.1, 1),
('2019-04-15 17:41:57', 7, 6),
('2019-04-21 17:08:43', 44.3, 1),
('2019-04-25 09:12:41', 27, 1),
('2019-04-27 13:40:48', 90.3, 3),
('2019-04-29 23:33:54', 9.8, 5),
('2019-05-02 13:06:42', 61.2, 1),
('2019-05-07 15:55:48', 79.9, 3),
('2019-05-08 01:36:43', 27.1, 1),
('2019-05-23 19:00:49', 97.9, 3),
('2019-05-28 00:34:55', 93.9, 5),
('2019-05-30 11:42:56', 97.8, 6),
('2019-06-05 18:11:44', 43.5, 1),
('2019-06-08 04:29:52', 55.5, 4),
('2019-06-08 10:09:56', 16.4, 6),
('2019-06-11 08:49:47', 19.6, 2),
('2019-07-09 14:20:56', 6.5, 6),
('2019-07-14 00:37:51', 27, 4),
('2019-07-14 14:21:47', 94.6, 3),
('2019-07-22 06:23:47', 35.6, 3),
('2019-07-24 15:44:52', 27.3, 4),
('2019-07-26 19:21:51', 82.1, 4),
('2019-07-28 16:20:44', 60.7, 2),
('2019-07-30 09:39:44', 59.5, 2),
('2019-08-05 23:42:45', 0.2, 2),
('2019-08-06 15:10:44', 27.5, 1),
('2019-08-14 08:46:48', 11.6, 3),
('2019-08-20 09:35:57', 30.2, 6),
('2019-08-22 20:54:48', 59.2, 3),
('2019-08-27 03:07:52', 30.2, 4),
('2019-08-30 05:49:49', 55.3, 3),
('2019-09-03 10:38:46', 72.5, 2),
('2019-09-28 09:17:48', 44.2, 3),
('2019-09-28 10:12:55', 74.1, 5),
('2019-09-29 13:12:55', 88.3, 5),
('2019-09-30 04:49:55', 62.4, 6),
('2019-10-13 04:46:48', 13.9, 3),
('2019-10-15 06:36:42', 98.6, 1),
('2019-10-17 10:56:55', 3.1, 5),
('2019-10-21 21:29:46', 90.6, 2),
('2019-10-27 15:29:51', 96.2, 4),
('2019-11-06 13:28:56', 74.6, 6),
('2019-11-19 18:42:44', 29.1, 1),
('2019-11-28 18:28:51', 92.7, 4),
('2019-11-28 23:20:55', 20.5, 5),
('2019-12-06 03:34:55', 32.1, 5),
('2019-12-10 21:50:45', 10.8, 2),
('2019-12-12 12:58:53', 76.9, 5),
('2019-12-16 00:47:58', 67.8, 6),
('2019-12-16 04:39:52', 50.1, 4),
('2020-01-04 11:37:44', 76.7, 2),
('2020-01-07 11:47:45', 69.4, 2),
('2020-01-10 05:43:55', 49, 5),
('2020-01-21 04:20:53', 36.2, 5),
('2020-01-25 03:32:50', 34.7, 4),
('2020-02-03 13:55:53', 56.9, 5),
('2020-02-06 17:11:44', 34.6, 2),
('2020-03-04 15:32:46', 99.3, 2),
('2020-03-09 21:07:55', 65.6, 5),
('2020-03-30 04:21:56', 74.5, 6),
('2020-04-01 16:33:57', 19, 6),
('2020-04-15 23:19:52', 87.7, 5),
('2020-04-27 22:44:51', 46.2, 4),
('2020-04-30 23:50:45', 98.6, 2),
('2020-05-11 09:10:42', 83.4, 1),
('2020-05-18 14:30:44', 77.2, 2),
('2020-05-26 08:43:41', 36.1, 1),
('2020-05-30 11:00:44', 59.2, 2),
('2020-06-12 21:54:41', 77.8, 1),
('2020-06-22 11:43:57', 34.3, 6),
('2020-07-07 10:52:54', 88.5, 5),
('2020-07-16 02:05:46', 91.5, 2),
('2020-07-24 03:13:44', 31.4, 1),
('2020-07-25 20:53:42', 64.1, 1),
('2020-08-06 19:28:54', 56.4, 5),
('2020-08-10 15:31:51', 11.9, 4),
('2020-08-16 17:11:58', 20.4, 6),
('2020-08-22 05:25:41', 40.9, 1),
('2020-08-27 00:46:56', 29.4, 6),
('2020-09-05 06:17:55', 9.7, 6),
('2020-09-10 21:30:55', 33, 5),
('2020-09-12 13:38:50', 29.7, 3),
('2020-09-24 18:02:47', 12.4, 3),
('2020-09-27 02:35:45', 7.1, 2),
('2020-10-07 01:16:53', 22.8, 5),
('2020-10-08 20:31:45', 52.5, 2),
('2020-10-13 16:09:58', 29.7, 6),
('2020-10-18 12:00:43', 19.2, 1),
('2020-10-26 12:47:54', 9, 5),
('2020-10-30 02:20:57', 62.7, 6),
('2020-11-01 15:15:50', 98.9, 4),
('2020-11-13 04:00:48', 48.3, 3),
('2020-11-13 06:48:50', 14.8, 4),
('2020-12-15 09:45:48', 60.2, 3),
('2020-12-18 11:27:43', 65.9, 1),
('2020-12-20 11:18:51', 0.4, 4),
('2020-12-21 02:35:52', 63.1, 5),
('2020-12-22 07:26:49', 66.1, 3),
('2020-12-25 23:42:47', 52.7, 3),
('2021-02-03 17:17:46', 64, 2),
('2021-02-05 11:52:45', 62.3, 2),
('2021-02-08 01:44:57', 27.7, 6),
('2021-02-08 11:40:43', 19.8, 1),
('2021-02-12 04:14:46', 58.3, 2),
('2021-02-15 22:56:52', 74.9, 4),
('2021-02-22 10:14:44', 13.1, 1),
('2021-03-01 07:46:45', 41.1, 2),
('2021-03-08 15:57:57', 37, 6),
('2021-03-13 14:11:47', 72.7, 3),
('2021-04-05 04:25:58', 21.6, 6),
('2021-04-10 20:28:48', 68.6, 3),
('2021-04-11 06:34:42', 70.9, 1),
('2021-04-21 02:23:50', 4.1, 4),
('2021-04-21 06:23:53', 96.9, 5),
('2021-05-01 06:57:47', 53.8, 2),
('2021-05-02 15:23:58', 42.5, 6),
('2021-05-12 18:19:56', 73.6, 6),
('2021-05-24 09:54:44', 24.9, 2),
('2021-05-26 13:01:49', 0.3, 3),
('2021-05-27 02:26:55', 41.9, 5),
('2021-06-08 08:01:48', 96.5, 3),
('2021-06-11 21:43:48', 59.6, 3),
('2021-06-16 18:08:57', 74.7, 6),
('2021-06-18 07:38:43', 85.2, 1),
('2021-06-21 07:15:48', 47.4, 3),
('2021-07-04 15:03:49', 39.5, 3),
('2021-07-07 14:11:54', 61.6, 5),
('2021-07-08 23:27:51', 17.2, 4),
('2021-07-10 03:48:56', 2, 6),
('2021-07-11 17:46:56', 71.1, 6),
('2021-07-15 23:32:58', 18.6, 6),
('2021-07-19 21:55:50', 98.7, 4),
('2021-07-31 02:53:48', 48.4, 3),
('2021-08-06 06:36:51', 58.7, 4),
('2021-08-11 05:43:42', 96.4, 1),
('2021-08-13 11:02:49', 75.1, 3),
('2021-08-16 04:32:41', 64.4, 1),
('2021-08-31 15:57:56', 25.3, 6),
('2021-09-03 11:53:46', 59.5, 2),
('2021-09-07 14:15:55', 93.5, 5),
('2021-09-14 05:52:57', 37, 6),
('2021-09-16 04:40:55', 56.7, 5),
('2021-09-17 02:52:56', 75.9, 6),
('2021-09-23 22:11:51', 96.6, 4),
('2021-09-29 17:39:58', 83.2, 6),
('2021-10-02 20:26:52', 75.8, 4),
('2021-10-07 15:19:48', 33.2, 3),
('2021-10-07 17:36:44', 16.7, 2),
('2021-10-20 03:29:50', 98.5, 4),
('2021-10-23 17:06:44', 81.7, 2),
('2021-10-26 19:02:43', 18.9, 1),
('2021-10-27 04:57:47', 88.9, 3),
('2021-10-30 07:17:43', 10.2, 1),
('2021-11-02 16:00:46', 70.8, 2),
('2021-11-27 21:56:56', 88.9, 6),
('2021-12-10 08:59:57', 14.9, 6),
('2021-12-30 00:17:55', 63.3, 5),
('2022-01-15 09:29:53', 36.4, 5),
('2022-01-16 20:10:57', 34.4, 6),
('2022-01-18 08:01:49', 20.7, 3),
('2022-01-18 13:20:56', 6.4, 6),
('2022-01-19 04:51:46', 18.9, 2),
('2022-01-23 15:46:53', 78.9, 5),
('2022-01-29 07:12:45', 63.3, 2),
('2022-01-30 10:07:55', 51.4, 6),
('2022-02-03 19:13:47', 21, 3),
('2022-02-05 15:37:55', 88.1, 5),
('2022-02-13 07:23:50', 10.5, 4),
('2022-02-18 03:04:57', 77.4, 6),
('2022-02-19 17:31:46', 2.1, 2),
('2022-02-26 04:07:49', 16.8, 3),
('2022-02-28 13:58:52', 46.4, 4),
('2022-03-01 02:48:58', 76.7, 6),
('2022-03-05 17:40:51', 20.3, 4),
('2022-03-18 01:08:53', 7.8, 5),
('2022-03-31 18:09:46', 16.9, 2),
('2022-04-10 10:54:46', 26.7, 2),
('2022-04-12 00:31:43', 90.4, 1),
('2022-04-13 04:11:45', 40.7, 2),
('2022-04-18 03:39:43', 82.4, 1),
('2022-04-19 01:29:46', 1, 2),
('2022-04-22 08:42:42', 32.8, 1),
('2022-05-03 10:07:56', 79.9, 6),
('2022-05-05 10:09:42', 31.4, 1),
('2022-05-06 03:12:51', 11.8, 4),
('2022-05-08 21:53:57', 58.8, 6),
('2022-05-17 16:17:44', 27.5, 1),
('2022-05-20 02:02:54', 30.5, 5),
('2022-05-21 11:29:50', 2, 4),
('2022-06-01 16:40:50', 71.9, 4),
('2022-06-06 11:13:46', 22.1, 2),
('2022-06-16 21:06:49', 15.5, 3),
('2022-06-21 16:50:57', 50.7, 6),
('2022-06-25 05:51:42', 95.5, 1),
('2022-06-29 23:41:57', 37.2, 6),
('2022-07-25 10:44:44', 97.8, 2),
('2022-08-08 19:53:52', 63, 4),
('2022-08-09 04:53:42', 93.3, 1),
('2022-08-09 12:51:43', 95.4, 1),
('2022-08-09 22:09:51', 85.8, 4),
('2022-08-23 23:17:51', 6.9, 4),
('2022-09-03 13:38:43', 61.2, 1),
('2022-09-11 17:18:47', 88.7, 3),
('2022-09-19 22:24:51', 8.9, 4),
('2022-09-21 08:49:49', 48.7, 3),
('2022-09-21 19:54:41', 45.8, 1),
('2022-09-23 17:25:44', 8.1, 2),
('2022-09-26 03:46:50', 65, 3),
('2022-10-01 17:07:55', 26.7, 5),
('2022-10-01 20:19:44', 19.8, 2),
('2022-10-02 06:45:46', 53.7, 2),
('2022-10-04 09:53:55', 67.4, 5),
('2022-10-07 19:55:57', 36.2, 6),
('2022-10-13 03:35:56', 39.9, 6),
('2022-10-18 03:24:50', 16.8, 4),
('2022-10-20 14:10:48', 3.7, 3),
('2022-10-27 13:57:47', 80, 3),
('2022-11-05 19:33:53', 95.4, 5),
('2022-11-22 05:58:51', 28.9, 4),
('2022-11-23 18:54:50', 15.6, 4),
('2022-11-24 14:45:51', 5.4, 4),
('2022-12-05 01:35:45', 65.8, 2),
('2022-12-12 11:37:49', 51.2, 3),
('2022-12-17 18:07:49', 51.4, 3),
('2022-12-19 01:29:53', 8.3, 5),
('2022-12-24 10:06:43', 42.6, 1),
('2022-12-27 16:52:47', 43.9, 3),
('2023-01-07 00:14:50', 35.9, 4),
('2023-01-11 18:56:50', 74.1, 4),
('2023-01-17 17:54:42', 33.1, 1),
('2023-01-18 18:42:50', 28.8, 4),
('2023-01-18 22:01:48', 96.8, 3),
('2023-01-20 14:39:45', 82.6, 2),
('2023-02-07 01:51:44', 77.9, 1),
('2023-02-08 00:40:46', 46.7, 2),
('2023-02-11 20:55:55', 66, 5),
('2023-02-26 15:46:50', 4.9, 4),
('2023-03-01 17:05:44', 99.2, 1),
('2023-03-18 03:13:42', 21.4, 1),
('2023-03-21 21:17:54', 76.1, 5),
('2023-03-21 22:33:48', 48.9, 3),
('2023-03-24 23:49:42', 99.1, 1),
('2023-03-30 06:48:42', 51.3, 1),
('2023-03-31 14:08:44', 6.2, 2),
('2023-04-01 10:53:42', 76.2, 1),
('2023-04-23 04:52:45', 9.7, 2),
('2023-04-30 00:10:55', 32.9, 5),
('2023-05-07 07:30:50', 11.9, 4),
('2023-05-08 21:53:54', 8, 5),
('2023-05-12 10:28:49', 87.7, 3),
('2023-05-15 17:29:52', 38, 4),
('2023-05-16 00:58:50', 99.1, 4),
('2023-05-22 10:33:52', 76.5, 4),
('2023-05-22 11:24:42', 84.1, 1),
('2023-06-22 09:39:43', 31.3, 1),
('2023-06-28 17:34:58', 86.9, 6),
('2023-06-30 04:10:44', 15.6, 1),
('2023-07-08 11:28:43', 91.2, 1),
('2023-07-16 18:51:55', 54.6, 5),
('2023-07-24 17:38:57', 23.4, 6),
('2023-07-30 07:17:44', 16.6, 1),
('2023-08-10 02:31:45', 76.6, 2),
('2023-08-14 17:05:55', 13.3, 5),
('2023-08-16 09:15:54', 4.7, 5),
('2023-08-20 05:37:47', 75.8, 3),
('2023-08-27 14:04:47', 59.3, 3),
('2023-09-02 04:34:48', 66.3, 3),
('2023-09-04 01:16:49', 61.8, 3),
('2023-09-04 18:41:46', 72, 2),
('2023-09-09 09:49:57', 99.6, 6),
('2023-09-20 14:26:52', 78.6, 4),
('2023-09-28 19:53:41', 47.8, 1),
('2023-10-01 10:08:48', 24.7, 3),
('2023-10-11 15:40:50', 83, 4),
('2023-10-14 16:09:46', 57.7, 2),
('2023-10-19 00:10:46', 3.9, 2),
('2023-10-20 14:37:50', 47.2, 4),
('2023-10-27 04:10:49', 33, 3),
('2023-10-27 10:50:46', 52, 2),
('2023-11-13 11:04:47', 48.4, 3),
('2023-11-14 04:24:52', 80.1, 4),
('2023-11-18 17:50:58', 18.3, 6),
('2023-11-19 06:33:56', 1.7, 6),
('2023-12-01 11:44:53', 7, 5),
('2023-12-03 03:31:47', 54.8, 3),
('2023-12-07 13:35:55', 34.6, 6),
('2023-12-14 14:16:56', 31, 6),
('2023-12-26 18:09:51', 51.2, 4),
('2024-01-01 10:40:51', 99.9, 4),
('2024-01-13 06:51:46', 21.2, 2),
('2024-01-26 08:16:50', 67.9, 4),
('2024-01-27 11:02:52', 81.1, 4),
('2024-01-31 02:53:55', 42.4, 6),
('2024-02-04 17:47:58', 78.6, 6),
('2024-02-06 14:13:45', 82.2, 2),
('2024-03-19 21:50:43', 22.8, 1),
('2024-03-20 00:14:54', 79.1, 5),
('2024-03-20 00:22:50', 50.6, 4),
('2024-03-20 20:33:48', 75.7, 3),
('2024-03-25 18:11:56', 15.8, 6),
('2024-04-03 10:30:54', 61.5, 5),
('2024-04-04 01:55:48', 98, 3),
('2024-04-21 14:26:53', 24.9, 5),
('2024-05-01 21:10:41', 35, 1),
('2024-05-05 13:49:44', 84.6, 1),
('2024-05-07 13:47:55', 4.1, 6),
('2024-05-16 19:11:58', 44.2, 6),
('2024-05-20 03:19:54', 5.9, 5),
('2024-06-02 05:36:48', 53.8, 3),
('2024-06-03 03:13:55', 81.8, 5),
('2024-06-03 12:03:54', 14.5, 5),
('2024-06-03 19:47:44', 4.8, 2),
('2024-06-06 15:27:47', 97.5, 3),
('2024-06-17 02:33:52', 31.5, 4),
('2024-06-17 04:38:48', 20, 3),
('2024-07-09 13:11:48', 23.8, 3),
('2024-07-10 21:19:56', 15.1, 6),
('2024-07-13 04:17:44', 82.5, 1),
('2024-07-15 14:52:45', 72.5, 2),
('2024-07-19 16:20:57', 61.9, 6),
('2024-07-20 20:46:56', 85.9, 6),
('2024-07-23 07:42:51', 53.9, 4),
('2024-08-09 17:30:50', 62.7, 4),
('2024-08-11 18:21:51', 3.6, 4),
('2024-08-11 18:35:51', 1.9, 4),
('2024-08-12 01:14:53', 40.9, 5),
('2024-08-12 14:12:44', 18.7, 1),
('2024-08-13 16:01:57', 36.2, 6),
('2024-09-01 21:45:47', 25.7, 3),
('2024-09-10 13:27:48', 0.4, 3),
('2024-09-13 06:56:49', 88.4, 3),
('2024-09-16 13:13:57', 44.8, 6),
('2024-09-21 18:28:42', 23.2, 1),
('2024-10-03 20:27:46', 78.1, 2),
('2024-10-06 12:55:54', 20.2, 5),
('2024-10-07 22:53:49', 8.6, 3),
('2024-10-13 08:23:44', 22.9, 2),
('2024-10-14 14:43:56', 70.5, 6),
('2024-10-17 07:12:50', 95, 4),
('2024-10-17 18:22:54', 99.5, 5),
('2024-10-19 21:56:44', 81.8, 2),
('2024-11-04 05:54:56', 48.6, 6),
('2024-11-05 15:36:54', 68.1, 5),
('2024-11-15 22:20:44', 5.5, 2),
('2024-11-22 09:05:53', 76.1, 5),
('2024-11-28 08:30:49', 21.2, 3),
('2024-12-14 22:28:46', 26.8, 2),
('2024-12-23 05:46:44', 96.9, 1),
('2025-01-04 16:45:55', 39.6, 6),
('2025-01-08 09:47:47', 41.4, 3),
('2025-01-13 20:23:55', 68.3, 6),
('2025-01-15 17:16:43', 97.2, 1),
('2025-01-19 13:10:46', 69.1, 2),
('2025-01-28 16:21:44', 82.3, 2),
('2025-02-10 01:10:56', 59.9, 6),
('2025-02-19 21:49:44', 29.6, 2),
('2025-02-21 04:25:43', 23.1, 1),
('2025-02-21 06:52:58', 78.3, 6),
('2025-02-27 07:31:44', 79.1, 2),
('2025-02-28 14:15:54', 84.4, 5);

-- --------------------------------------------------------

--
-- Structure de la table `possede`
--

CREATE TABLE `possede` (
  `IdCapteur` smallint(6) NOT NULL,
  `IdCarte` smallint(6) NOT NULL
) ENGINE=InnoDB DEFAULT CHARSET=utf8mb4 COLLATE=utf8mb4_unicode_ci;

--
-- Déchargement des données de la table `possede`
--

INSERT INTO `possede` (`IdCapteur`, `IdCarte`) VALUES
(1, 1),
(2, 1),
(3, 1),
(4, 5),
(5, 5),
(6, 5);

-- --------------------------------------------------------

--
-- Structure de la table `serre`
--

CREATE TABLE `serre` (
  `IdSerre` smallint(6) NOT NULL,
  `Nom` varchar(100) NOT NULL,
  `Commentaire` varchar(200) DEFAULT NULL
) ENGINE=InnoDB DEFAULT CHARSET=utf8mb4 COLLATE=utf8mb4_unicode_ci;

--
-- Déchargement des données de la table `serre`
--

INSERT INTO `serre` (`IdSerre`, `Nom`, `Commentaire`) VALUES
(1, 'Serre Chevalier', NULL);

-- --------------------------------------------------------

--
-- Structure de la table `utilisateur`
--

CREATE TABLE `utilisateur` (
  `IdUtilisateur` smallint(6) NOT NULL,
  `Prenom` varchar(50) NOT NULL,
  `Nom` varchar(50) NOT NULL,
  `Login` varchar(50) NOT NULL,
  `Mdp` varchar(255) NOT NULL,
  `DateHeureConnexion` datetime NOT NULL,
  `AdresseMail` varchar(50) NOT NULL,
  `NumTel` varchar(12) NOT NULL,
  `Fonction` varchar(50) NOT NULL
) ENGINE=InnoDB DEFAULT CHARSET=utf8mb4 COLLATE=utf8mb4_unicode_ci;

--
-- Déchargement des données de la table `utilisateur`
--

INSERT INTO `utilisateur` (`IdUtilisateur`, `Prenom`, `Nom`, `Login`, `Mdp`, `DateHeureConnexion`, `AdresseMail`, `NumTel`, `Fonction`) VALUES
(1, 'Admin', 'istrateur', 'Admin1', '$2y$10$5gL2maFxK4BFwFbdDr4MyO/7/LtTRpSSG1O/SK.xclcQa56sFuDW2', '2025-02-28 13:40:42', 'admin@gmail.com', '0606060606', 'Administrateur'),
(2, 'Tech', 'nicien', 'Tech1', '$2y$10$zGlxlXvL71uc4XZ697rUJO0e0IdQyi8X98NBvjuXts8ZpJy1x9HLW', '2025-02-28 14:16:08', 'tachni@gmail.com', '0606060606', 'Technicien');

--
-- Index pour les tables déchargées
--

--
-- Index pour la table `capteur`
--
ALTER TABLE `capteur`
  ADD PRIMARY KEY (`IdCapteur`),
  ADD KEY `EtatComposant` (`EtatComposant`),
  ADD KEY `GrandeurCapt` (`GrandeurCapt`,`Unite`);

--
-- Index pour la table `carte`
--
ALTER TABLE `carte`
  ADD PRIMARY KEY (`IdCarte`),
  ADD UNIQUE KEY `IdChapelle` (`IdChapelle`),
  ADD KEY `EtatComposant` (`EtatComposant`);

--
-- Index pour la table `chapelle`
--
ALTER TABLE `chapelle`
  ADD PRIMARY KEY (`IdChapelle`),
  ADD KEY `IdSerre` (`IdSerre`);

--
-- Index pour la table `etat`
--
ALTER TABLE `etat`
  ADD PRIMARY KEY (`EtatComposant`);

--
-- Index pour la table `fonctionutilisateur`
--
ALTER TABLE `fonctionutilisateur`
  ADD PRIMARY KEY (`Fonction`);

--
-- Index pour la table `grandeur`
--
ALTER TABLE `grandeur`
  ADD PRIMARY KEY (`GrandeurCapt`,`Unite`);

--
-- Index pour la table `intervient`
--
ALTER TABLE `intervient`
  ADD PRIMARY KEY (`IdUtilisateur`,`IdCarte`,`DateIntervention`),
  ADD KEY `IdCarte` (`IdCarte`);

--
-- Index pour la table `mesure`
--
ALTER TABLE `mesure`
  ADD PRIMARY KEY (`Horodatage`,`IdCapteur`),
  ADD KEY `IdCapteur` (`IdCapteur`);

--
-- Index pour la table `possede`
--
ALTER TABLE `possede`
  ADD PRIMARY KEY (`IdCapteur`),
  ADD KEY `IdCarte` (`IdCarte`);

--
-- Index pour la table `serre`
--
ALTER TABLE `serre`
  ADD PRIMARY KEY (`IdSerre`);

--
-- Index pour la table `utilisateur`
--
ALTER TABLE `utilisateur`
  ADD PRIMARY KEY (`IdUtilisateur`),
  ADD UNIQUE KEY `Login` (`Login`),
  ADD KEY `Fonction` (`Fonction`);

--
-- AUTO_INCREMENT pour les tables déchargées
--

--
-- AUTO_INCREMENT pour la table `capteur`
--
ALTER TABLE `capteur`
  MODIFY `IdCapteur` smallint(6) NOT NULL AUTO_INCREMENT, AUTO_INCREMENT=7;

--
-- AUTO_INCREMENT pour la table `carte`
--
ALTER TABLE `carte`
  MODIFY `IdCarte` smallint(6) NOT NULL AUTO_INCREMENT, AUTO_INCREMENT=6;

--
-- AUTO_INCREMENT pour la table `chapelle`
--
ALTER TABLE `chapelle`
  MODIFY `IdChapelle` smallint(6) NOT NULL AUTO_INCREMENT, AUTO_INCREMENT=3;

--
-- AUTO_INCREMENT pour la table `serre`
--
ALTER TABLE `serre`
  MODIFY `IdSerre` smallint(6) NOT NULL AUTO_INCREMENT, AUTO_INCREMENT=2;

--
-- AUTO_INCREMENT pour la table `utilisateur`
--
ALTER TABLE `utilisateur`
  MODIFY `IdUtilisateur` smallint(6) NOT NULL AUTO_INCREMENT, AUTO_INCREMENT=3;

--
-- Contraintes pour les tables déchargées
--

--
-- Contraintes pour la table `capteur`
--
ALTER TABLE `capteur`
  ADD CONSTRAINT `capteur_ibfk_1` FOREIGN KEY (`EtatComposant`) REFERENCES `etat` (`EtatComposant`),
  ADD CONSTRAINT `capteur_ibfk_2` FOREIGN KEY (`GrandeurCapt`,`Unite`) REFERENCES `grandeur` (`GrandeurCapt`, `Unite`);

--
-- Contraintes pour la table `carte`
--
ALTER TABLE `carte`
  ADD CONSTRAINT `carte_ibfk_1` FOREIGN KEY (`IdChapelle`) REFERENCES `chapelle` (`IdChapelle`),
  ADD CONSTRAINT `carte_ibfk_2` FOREIGN KEY (`EtatComposant`) REFERENCES `etat` (`EtatComposant`);

--
-- Contraintes pour la table `chapelle`
--
ALTER TABLE `chapelle`
  ADD CONSTRAINT `chapelle_ibfk_1` FOREIGN KEY (`IdSerre`) REFERENCES `serre` (`IdSerre`);

--
-- Contraintes pour la table `intervient`
--
ALTER TABLE `intervient`
  ADD CONSTRAINT `intervient_ibfk_1` FOREIGN KEY (`IdUtilisateur`) REFERENCES `utilisateur` (`IdUtilisateur`),
  ADD CONSTRAINT `intervient_ibfk_2` FOREIGN KEY (`IdCarte`) REFERENCES `carte` (`IdCarte`);

--
-- Contraintes pour la table `mesure`
--
ALTER TABLE `mesure`
  ADD CONSTRAINT `mesure_ibfk_1` FOREIGN KEY (`IdCapteur`) REFERENCES `capteur` (`IdCapteur`);

--
-- Contraintes pour la table `possede`
--
ALTER TABLE `possede`
  ADD CONSTRAINT `possede_ibfk_1` FOREIGN KEY (`IdCapteur`) REFERENCES `capteur` (`IdCapteur`),
  ADD CONSTRAINT `possede_ibfk_2` FOREIGN KEY (`IdCarte`) REFERENCES `carte` (`IdCarte`);

--
-- Contraintes pour la table `utilisateur`
--
ALTER TABLE `utilisateur`
  ADD CONSTRAINT `utilisateur_ibfk_1` FOREIGN KEY (`Fonction`) REFERENCES `fonctionutilisateur` (`Fonction`);
COMMIT;

/*!40101 SET CHARACTER_SET_CLIENT=@OLD_CHARACTER_SET_CLIENT */;
/*!40101 SET CHARACTER_SET_RESULTS=@OLD_CHARACTER_SET_RESULTS */;
/*!40101 SET COLLATION_CONNECTION=@OLD_COLLATION_CONNECTION */;
